{"schematics":[{"docType":1,"title":"Bark Detector Schematic","dataStr":{"head":{"docType":"1","editorVersion":"6.1.34","c_para":{"Prefix Start":"1"},"c_spiceCmd":"null","hasIdFlag":true,"x":"0","y":"0","portOfADImportHack":"","importFlag":0,"transformList":"","uuid":"6c481e13a6d94d7584033c371535310a"},"canvas":"CA~1000~1000~#FFFFFF~yes~#CCCCCC~5~1000~1000~line~5~pixel~5~0~0","shape":["LIB~550~401~package`NONE`BOM_Manufacturer Part`?`spicePre`.`~~0~frame_lib_1~~~0~#@$T~N~572.640625~-3~0~#000080~Arial~~~~~comment~NO~0~start~gge92~0#@$T~P~572.6484375~-13.703125~0~#000080~Arial~~~~~comment~.~0~start~gge94~0#@$PT~M 206 10 L 206 0 M 206 796 L 206 806 M 402 10 L 402 0 M 402 796 L 402 806 M 598 10 L 598 0 M 598 796 L 598 806 M 794 10 L 794 0 M 794 796 L 794 806 M 990 10 L 990 0 M 990 796 L 990 806 M 10 206 L 0 206 M 1139 206 L 1149 206 M 10 402 L 0 402 M 1139 402 L 1149 402 M 10 598 L 0 598 M 1139 598 L 1149 598 M 10 794 L 0 794 M 1139 794 L 1149 794~#880000~1~0~none~frame_tick_1~0#@$T~L~1.5~108~0~#880000~~~~~~comment~A~1~start~frame_tick_2~0#@$T~L~1140.5~108~0~#880000~~~~~~comment~A~1~start~frame_tick_3~0#@$T~L~1.5~304~0~#880000~~~~~~comment~B~1~start~frame_tick_4~0#@$T~L~1140.5~304~0~#880000~~~~~~comment~B~1~start~frame_tick_5~0#@$T~L~1.5~500~0~#880000~~~~~~comment~C~1~start~frame_tick_6~0#@$T~L~1140.5~500~0~#880000~~~~~~comment~C~1~start~frame_tick_7~0#@$T~L~1.5~696~0~#880000~~~~~~comment~D~1~start~frame_tick_8~0#@$T~L~1140.5~696~0~#880000~~~~~~comment~D~1~start~frame_tick_9~0#@$T~L~108~8.5~0~#880000~~~~~~comment~1~1~start~frame_tick_10~0#@$T~L~108~804.5~0~#880000~~~~~~comment~1~1~start~frame_tick_11~0#@$T~L~304~8.5~0~#880000~~~~~~comment~2~1~start~frame_tick_12~0#@$T~L~304~804.5~0~#880000~~~~~~comment~2~1~start~frame_tick_13~0#@$T~L~500~8.5~0~#880000~~~~~~comment~3~1~start~frame_tick_14~0#@$T~L~500~804.5~0~#880000~~~~~~comment~3~1~start~frame_tick_15~0#@$T~L~696~8.5~0~#880000~~~~~~comment~4~1~start~frame_tick_16~0#@$T~L~696~804.5~0~#880000~~~~~~comment~4~1~start~frame_tick_17~0#@$T~L~892~8.5~0~#880000~~~~~~comment~5~1~start~frame_tick_18~0#@$T~L~892~804.5~0~#880000~~~~~~comment~5~1~start~frame_tick_19~0#@$R~10~10~~~1129~786~#880000~1~0~none~frame_innerbox_1~0#@$R~0~0~~~1149~806~#880000~1~0~none~frame_outbox_1~0#@$R~739~716~~~400~80~#880000~1~0~none~frame_hitarea_1~0#@$PL~739 756 1139 756~#880000~1~0~none~gge150~0#@$PL~739 776 1139 776~#880000~1~0~none~gge151~0#@$PL~1059 716 1059 756~#880000~1~0~none~gge152~0#@$PL~1019 756 1019 776~#880000~1~0~none~gge153~0#@$PL~934 776 934 796~#880000~1~0~none~gge154~0#@$T~L~744~728~0~#880000~~8pt~~~~comment~TITLE:~1~start~gge155~0#@$T~L~749~746~0~#0000FF~~10pt~~~~comment~Ultrasonic Dog Bark Detector~1~start~frame_title_1~0#@$T~L~1065~742~0~#880000~~8pt~~~~comment~REV:~1~start~gge158~0#@$T~L~1096~743~0~#0000FF~~9pt~~~~comment~1.0~1~start~frame_version_1~0#@$T~L~744~771~0~#880000~~8pt~~~~comment~Date:~1~start~gge161~0#@$T~L~794~771~0~#0000FF~~9pt~~~~comment~2018-12-23~1~start~frame_date_1~0#@$T~L~1024~771~0~#880000~~8pt~~~~comment~Sheet:~1~start~gge164~0#@$T~L~1069~771~0~#0000FF~~9pt~~~~comment~1\/1~1~start~frame_sheet_1~0#@$T~L~744~791~0~#880000~~8pt~~~~comment~EasyEDA V5.8.22~1~start~frame_product_1~0#@$T~L~944~791~0~#880000~~8pt~~~~comment~Drawn By:~1~start~gge168~0#@$T~L~1009~791~0~#0000FF~~9pt~~~~comment~ralphbacon~1~start~frame_drawn_1~0","LIB~60~285~package`HDR-3X1\/2.54`BOM_Supplier Part`C146243`BOM_Supplier`LCSC`BOM_Manufacturer`Boom Precision Elec`BOM_Manufacturer Part`Header-Female-2.54_1x3`link`https:\/\/datasheet.lcsc.com\/szlcsc\/Boom-Precision-Elec-2-54mm-1-8P-Straight-Female-header_C27438.pdf`spicePre`P`~~0~gge370~0f82bef859574a9b8b634d900f76cedb~beb7660708a0499fac6a060cc3851aa2~0~278590204bbacaed#@$T~N~80~323.421875~0~#000080~Arial~~~~~comment~Header-Female-2.54_1x3~0~end~gge372~0#@$T~P~60~260~0~#000080~Arial~~~~~comment~P1~1~end~gge374~0#@$R~45~265~2~2~20~40~#880000~1~0~none~gge376~0#@$P~show~1~1~75~275~0~gge377~0^^75~275^^M 75 275 h -10~#000000^^1~60~278~0~1~end~~~#000000^^0~65~274~0~1~start~~~#000000^^0~68~275^^0~M 65 272 L 62 275 L 65 278#@$P~show~1~2~75~285~0~gge384~0^^75~285^^M 75 285 h -10~#000000^^1~60~288~0~2~end~~~#000000^^0~65~284~0~2~start~~~#000000^^0~68~285^^0~M 65 282 L 62 285 L 65 288#@$P~show~1~3~75~295~0~gge391~0^^75~295^^M 75 295 h -10~#000000^^1~60~298~0~3~end~~~#000000^^0~65~294~0~3~start~~~#000000^^0~68~295^^0~M 65 292 L 62 295 L 65 298","LIB~135~275~package`CAP-D3.0XF1.5`nameAlias`Value(F)`Contributor`EasyEDA`BOM_Manufacturer Part`1uf 450V`spicePre`C`spiceSymbolName`Cap_Electrolytic(TH)_D3.0XF1.5_EU`BOM_Supplier`LCSC`BOM_Manufacturer`ValuePro`BOM_Supplier Part`C43280`~90~0~gge454~3be70c39fc17710bbd9ec7d4eec60772~5dc3888d7da84bfe8bf225c4e2cbce7f~0~25c41ab3e99ce33b#@$T~N~129.046875~264.5~0~#000080~Arial~~~~~comment~1u~1~start~gge456~0#@$T~P~129.05~255.4140625~0~#000080~Arial~~~~~comment~C1~1~start~gge458~0#@$PL~125 275 131 275~#8D2323~1~0~none~gge460~0#@$PL~145 275 138 275~#8D2323~1~0~none~gge461~0#@$R~136~267.5~~~1.8~14.7~#8D2323~1~0~#8D2323~gge462~0#@$R~131~267.5~~~1.8~14.7~#8D2323~1~0~none~gge463~0#@$P~show~0~1~115~275~0~gge464~0^^115~275^^M 115 275 h 10~#8D2323^^0~128~278~0~1~start~~~#8D2323^^0~119~274~0~1~end~~~#8D2323^^0~128~275^^0~M 125 272 L 122 275 L 125 278#@$P~show~0~2~155~275~180~gge471~0^^155~275^^M 155 275 h -10~#8D2323^^0~142~278~0~2~end~~~#8D2323^^0~151~274~0~2~start~~~#8D2323^^0~142~275^^0~M 145 278 L 148 275 L 145 272#@$R~127~278~~~0.1~4~#8D2323~1~0~#8D2323~gge478~0#@$R~125~279.9~~~4~0.1~#8D2323~1~0~#8D2323~gge479~0","W~75 275 115 275~#008800~1~0~none~gge507~0","LIB~170~275~package`DO41_1N5817`BOM_Supplier Part`C23848`BOM_Supplier`LCSC`BOM_Manufacturer`ON`BOM_Manufacturer Part`MBR0520LT1G`image`\/\/image.lceda.cn\/szlcsc\/C23848.jpg`spicePre`D`~~0~gge556~a375eb14538e417ab699056833a0fa6c~fdcce15e1531e7ea0faba7e106fe79d6~0~a8afcdfddf069d8b#@$T~N~164.046875~264~0~#000080~Arial~~~~~comment~IN5817~1~start~gge558~0#@$T~P~164.0390625~254.890625~0~#000080~Arial~~~~~comment~D1~1~start~gge560~0#@$P~show~0~1~150~275~180~gge562~0^^150~275^^M 150 275 h 15~#880000^^0~168~278~0~A~start~~~#0000FF^^0~159~274~0~1~end~~~#0000FF^^0~162~275^^0~M 165 278 L 168 275 L 165 272#@$P~show~0~2~190~275~0~gge569~0^^190~275^^M 190 275 h -15~#880000^^0~172~278~0~K~end~~~#0000FF^^0~181~274~0~2~start~~~#0000FF^^0~178~275^^0~M 175 272 L 172 275 L 175 278#@$PL~177 282 177 283 175 283 175 267 173 267 173 268~#880000~1~0~none~gge576~0#@$PT~M 165 281 L 175 275 L 165 268 Z ~#880000~1~0~none~gge577~0","LIB~190~295~package`CAP-D3.0XF1.5`nameAlias`Value(F)`Contributor`EasyEDA`BOM_Manufacturer Part`1uF 63V 5*7`spicePre`C`spiceSymbolName`Cap_Electrolytic(TH)_D3.0XF1.5_EU`BOM_Supplier Part`C47878`BOM_Supplier`LCSC`BOM_Manufacturer`ValuePro`~~0~gge601~3be70c39fc17710bbd9ec7d4eec60772~5dc3888d7da84bfe8bf225c4e2cbce7f~0~961471509b28bb50#@$T~N~199.5~307.234375~0~#000080~Arial~~~~~comment~1u~1~start~gge603~0#@$T~P~199.5~298.1484375~0~#000080~Arial~~~~~comment~C2~1~start~gge605~0#@$PL~190 285 190 291~#8D2323~1~0~none~gge607~0#@$PL~190 305 190 298~#8D2323~1~0~none~gge608~0#@$R~182.8~296~~~14.7~1.8~#8D2323~1~0~#8D2323~gge609~0#@$R~182.8~291~~~14.7~1.8~#8D2323~1~0~none~gge610~0#@$P~show~0~1~190~275~270~gge611~0^^190~275^^M 190 275 v 10~#8D2323^^0~193~288~270~1~end~~~#8D2323^^0~189~279~270~1~start~~~#8D2323^^0~190~288^^0~M 193 285 L 190 282 L 187 285#@$P~show~0~2~190~315~90~gge618~0^^190~315^^M 190 315 v -10~#8D2323^^0~193~302~270~2~start~~~#8D2323^^0~189~311~270~2~end~~~#8D2323^^0~190~302^^0~M 187 305 L 190 308 L 193 305#@$R~183~287~~~4~0.1~#8D2323~1~0~#8D2323~gge625~0#@$R~185~285~~~0.1~4~#8D2323~1~0~#8D2323~gge626~0","LIB~225~295~package`AXIAL-0.3`nameAlias`Value(\u03a9)`BOM_Manufacturer Part`MFR0S2F1003A20`spicePre`R`spiceSymbolName`Res_AXIAL-0.3(1\/8W)_EU`BOM_Supplier Part`C58589`BOM_Supplier`LCSC`BOM_Manufacturer`UniOhm`~270~0~gge658~0437d6ea43a344008eabc8b31fcec72b~5ba509f895244278a1309c0031b47188~0~fb7942b4b464d9e9#@$T~N~230~308.578125~0~#000080~Arial~~~~~comment~100k~1~start~gge660~0#@$T~P~231.0078125~298.1640625~0~#000080~Arial~~~~~comment~R1~1~start~gge662~0#@$R~221~285~~~8~20~#A00000~1~0~none~gge664~0#@$P~show~0~2~225~315~270~gge665~0^^225~315^^M 225 305 v 10~#800^^0~225~301~270~2~start~~~#800^^0~221~309~270~2~end~~~#800^^0~225~328^^0~M 228 325 L 225 322 L 222 325#@$P~show~0~1~225~275~90~gge672~0^^225~275^^M 225 285 v -10~#800^^0~225~289~270~1~end~~~#800^^0~221~281~270~1~start~~~#800^^0~225~262^^0~M 222 265 L 225 268 L 228 265","W~395 340 285 340 285 275 190 275~#008800~1~0~none~gge734~0","W~395 300 310 300 310 325 105 325 105 285 65 285~#008800~1~0~none~gge737~0","W~155 275 150 275~#008800~1~0~none~gge745~0","N~240~275~0~#0000ff~SIG OUT~gge763~start~242~272.5~Times New Roman~7pt~0","N~360~305~0~#0000ff~GND~gge766~start~362~302.5~Times New Roman~7pt~0","N~240~330~0~#0000ff~VCC~gge769~start~242~327.5~Times New Roman~7pt~0","N~75~265~0~#0000ff~MIC_OUT~gge772~start~77~262.5~Times New Roman~7pt~0","LIB~670~290~package`AXIAL-0.3`nameAlias`Value(\u03a9)`BOM_Manufacturer Part`MFR0W8F1200A50`spicePre`R`spiceSymbolName`Res_AXIAL-0.3(1\/8W)_EU`BOM_Supplier`LCSC`BOM_Manufacturer`UniOhm`BOM_Supplier Part`C58684`~~0~gge780~0437d6ea43a344008eabc8b31fcec72b~5ba509f895244278a1309c0031b47188~0~812f6e2ed1bafbd5#@$T~N~664.03125~282.984375~0~#000080~Arial~~~~~comment~120~1~start~gge782~0#@$T~P~664.0390625~273.890625~0~#000080~Arial~~~~~comment~R2~1~start~gge784~0#@$R~660~286~~~20~8~#A00000~1~0~none~gge786~0#@$P~show~0~2~690~290~0~gge787~0^^690~290^^M 680 290 h 10~#800^^0~676~290~0~2~end~~~#800^^0~684~286~0~2~start~~~#800^^0~703~290^^0~M 700 287 L 697 290 L 700 293#@$P~show~0~1~650~290~180~gge794~0^^650~290^^M 660 290 h -10~#800^^0~664~290~0~1~start~~~#800^^0~656~286~0~1~end~~~#800^^0~637~290^^0~M 640 293 L 643 290 L 640 287","LIB~710~290~package`IRLZ44N TO220`BOM_Supplier Part`C9114`BOM_Supplier`LCSC`BOM_Manufacturer`CJ`BOM_Manufacturer Part``image`\/\/image.lceda.cn\/szlcsc\/C9114.jpg`spicePre`Q`~~0~gge823~194403848cd44d939fcd9b1179edd7a5~871be1f8ced99a5ddb9fdce1aac281ae~0~691494cc8620f680#@$T~N~725~302.25~0~#000080~Arial~~~~~comment~IRLZ44N~1~start~gge825~0#@$T~P~725~293.1484375~0~#000080~Arial~~~~~comment~Q1~1~start~gge827~0#@$PG~700 290 706 292 706 288~#880000~1~0~#FEFEFE~gge829~0#@$PG~720 288 717 293 723 293~#880000~1~0~none~gge830~0#@$PL~700 283 710 283 710 280 720 280 720 288~#880000~1~0~none~gge831~0#@$PL~700 290 710 290 710 300 720 300 720 293~#880000~1~0~none~gge832~0#@$PL~710 297 700 297~#880000~1~0~none~gge833~0#@$PL~698 281 698 299~#880000~1~0~none~gge834~0#@$PL~700 281 700 285~#880000~1~0~none~gge835~0#@$PL~700 292 700 288~#880000~1~0~none~gge836~0#@$PL~700 299 700 295~#880000~1~0~none~gge837~0#@$PL~723 287 722 288 718 288 717 289~#880000~1~0~none~gge838~0#@$P~show~0~2~710~270~90~gge839~0^^710~270^^M 710 270 v 10~#880000^^0~713~283~270~D~end~~~#0000FF^^0~709~279~270~2~start~~~#0000FF^^0~710~277^^0~M 707 280 L 710 283 L 713 280#@$P~show~0~1~690~290~180~gge846~0^^690~290^^M 690 290 h 8~#880000^^0~701~293~0~G~start~~~#0000FF^^0~698~289~0~1~end~~~#0000FF^^0~695~290^^0~M 698 293 L 701 290 L 698 287#@$P~show~0~3~710~310~270~gge853~0^^710~310^^M 710 310 v -10~#880000^^0~713~297~270~S~start~~~#0000FF^^0~709~301~270~3~end~~~#0000FF^^0~710~303^^0~M 713 300 L 710 297 L 707 300","LIB~750~265~package`HDR-1X2\/2.54`BOM_Supplier Part`C49661`BOM_Supplier`LCSC`BOM_Manufacturer`BOOMELE`BOM_Manufacturer Part`2.54-1*2PFemale`image`\/\/image.lceda.cn\/szlcsc\/C49661.jpg`spicePre`P`~~0~gge928~c9e8d269e01009825cc7079e09fc764d~0b6ea66f1a77ef3069b26dadb3d73791~0~33b26648de0ef6bc#@$T~N~743.296875~247~0~#000080~Arial~4pt~~~~comment~Ultrasonic Module~1~start~gge930~0#@$T~P~743.296875~237.890625~0~#000080~Arial~~~~~comment~P3~1~start~gge932~0#@$R~745~250~2~2~20~30~#880000~1~0~none~gge934~0#@$P~show~1~1~735~260~180~gge935~0^^735~260^^M 735 260 h 10~#000000^^1~750~263~0~1~start~~~#000000^^0~745~259~0~1~end~~~#000000^^0~742~260^^0~M 745 263 L 748 260 L 745 257#@$P~show~1~2~735~270~180~gge942~0^^735~270^^M 735 270 h 10~#000000^^1~750~273~0~2~start~~~#000000^^0~745~269~0~2~end~~~#000000^^0~742~270^^0~M 745 273 L 748 270 L 745 267","W~735 270 710 270~#008800~1~0~none~gge971~0","W~395 320 370 320 370 460 790 460 790 240 710 240 710 260 735 260~#008800~1~0~none~gge984~0","LIB~515~295~package`ARDUINOR3`description`This is a new object for the new Arduino R3 - with extra pins that you may want to use (such as IOref, and duplicated A4A5`Contributor`Adafruit`BOM_Manufacturer Part`?`spicePre`U`~270~0~gge1823~4dd8203caa4a43aa9dc11c0a8bb75797~5933852dffa94f448f83a696951a26cc~0~cd52a0c84fa16a07#@$T~N~509.03125~167~0~#000080~Arial~~~~~comment~ARDUINOR3-DIMENSION~1~start~gge1825~0#@$T~P~509.0390625~158~0~#000080~Arial~~~~~comment~U1~0~start~gge1827~0#@$PL~615 170 415 170~#8D2323~1~0~none~gge1829~0#@$PL~415 170 415 400~#8D2323~1~0~none~gge1830~0#@$PL~415 400 425 400~#8D2323~1~0~none~gge1831~0#@$PL~425 400 445 420~#8D2323~1~0~none~gge1832~0#@$PL~445 420 545 420~#8D2323~1~0~none~gge1833~0#@$PL~545 420 565 400~#8D2323~1~0~none~gge1834~0#@$PL~565 400 605 400~#8D2323~1~0~none~gge1835~0#@$PL~605 400 615 390~#8D2323~1~0~none~gge1836~0#@$PL~615 390 615 170~#8D2323~1~0~none~gge1837~0#@$PL~585 200 475 200~#8D2323~1~0~none~gge1838~0#@$PL~475 200 475 390~#8D2323~1~0~none~gge1839~0#@$PL~475 390 455 390~#8D2323~1~0~none~gge1840~0#@$PL~585 210 485 210~#8D2323~1~0~none~gge1841~0#@$PL~485 210 485 380~#8D2323~1~0~none~gge1842~0#@$PL~485 380 455 380~#8D2323~1~0~none~gge1843~0#@$T~L~525~230~90~#8D2323~~20~ ~ ~ ~comment~ARDUINO~1~start~gge1844~0#@$T~L~505~260~90~#8D2323~~10~ ~ ~ ~comment~UNO R3~1~start~gge1846~0#@$P~show~0~D0~635~380~0~gge1848~0^^635~380^^M 635 380 h -20~#8D2323^^1~612~383~0~D0~end~~~#8D2323^^0~621~379~0~D0~start~~~#8D2323^^0~618~380^^0~M 615 377 L 612 380 L 615 383#@$P~show~0~D1~635~370~0~gge1855~0^^635~370^^M 635 370 h -20~#8D2323^^1~612~373~0~D1~end~~~#8D2323^^0~621~369~0~D1~start~~~#8D2323^^0~618~370^^0~M 615 367 L 612 370 L 615 373#@$P~show~0~D2~635~360~0~gge1862~0^^635~360^^M 635 360 h -20~#8D2323^^1~612~363~0~D2~end~~~#8D2323^^0~621~359~0~D2~start~~~#8D2323^^0~618~360^^0~M 615 357 L 612 360 L 615 363#@$P~show~0~D3~635~350~0~gge1869~0^^635~350^^M 635 350 h -20~#8D2323^^1~612~353~0~D3~end~~~#8D2323^^0~621~349~0~D3~start~~~#8D2323^^0~618~350^^0~M 615 347 L 612 350 L 615 353#@$P~show~0~D4~635~340~0~gge1876~0^^635~340^^M 635 340 h -20~#8D2323^^1~612~343~0~D4~end~~~#8D2323^^0~621~339~0~D4~start~~~#8D2323^^0~618~340^^0~M 615 337 L 612 340 L 615 343#@$P~show~0~D5~635~330~0~gge1883~0^^635~330^^M 635 330 h -20~#8D2323^^1~612~333~0~D5~end~~~#8D2323^^0~621~329~0~D5~start~~~#8D2323^^0~618~330^^0~M 615 327 L 612 330 L 615 333#@$P~show~0~D6~635~320~0~gge1890~0^^635~320^^M 635 320 h -20~#8D2323^^1~612~323~0~D6~end~~~#8D2323^^0~621~319~0~D6~start~~~#8D2323^^0~618~320^^0~M 615 317 L 612 320 L 615 323#@$P~show~0~D7~635~310~0~gge1897~0^^635~310^^M 635 310 h -20~#8D2323^^1~612~313~0~D7~end~~~#8D2323^^0~621~309~0~D7~start~~~#8D2323^^0~618~310^^0~M 615 307 L 612 310 L 615 313#@$P~show~0~D8~635~290~0~gge1904~0^^635~290^^M 635 290 h -20~#8D2323^^1~612~293~0~D8~end~~~#8D2323^^0~621~289~0~D8~start~~~#8D2323^^0~618~290^^0~M 615 287 L 612 290 L 615 293#@$P~show~0~D9~635~280~0~gge1911~0^^635~280^^M 635 280 h -20~#8D2323^^1~612~283~0~D9~end~~~#8D2323^^0~621~279~0~D9~start~~~#8D2323^^0~618~280^^0~M 615 277 L 612 280 L 615 283#@$P~show~0~D10~635~270~0~gge1918~0^^635~270^^M 635 270 h -20~#8D2323^^1~612~273~0~D10~end~~~#8D2323^^0~621~269~0~D10~start~~~#8D2323^^0~618~270^^0~M 615 267 L 612 270 L 615 273#@$P~show~0~D11~635~260~0~gge1925~0^^635~260^^M 635 260 h -20~#8D2323^^1~612~263~0~D11~end~~~#8D2323^^0~621~259~0~D11~start~~~#8D2323^^0~618~260^^0~M 615 257 L 612 260 L 615 263#@$P~show~0~D12~635~250~0~gge1932~0^^635~250^^M 635 250 h -20~#8D2323^^1~612~253~0~D12~end~~~#8D2323^^0~621~249~0~D12~start~~~#8D2323^^0~618~250^^0~M 615 247 L 612 250 L 615 253#@$P~show~0~D13~635~240~0~gge1939~0^^635~240^^M 635 240 h -20~#8D2323^^1~612~243~0~D13~end~~~#8D2323^^0~621~239~0~D13~start~~~#8D2323^^0~618~240^^0~M 615 237 L 612 240 L 615 243#@$P~show~4~GND~635~230~0~gge1946~0^^635~230^^M 635 230 h -20~#8D2323^^1~612~233~0~GND~end~~~#8D2323^^0~621~229~0~GND~start~~~#8D2323^^0~618~230^^0~M 615 227 L 612 230 L 615 233#@$P~show~0~AREF~635~220~0~gge1953~0^^635~220^^M 635 220 h -20~#8D2323^^1~612~223~0~AREF~end~~~#8D2323^^0~621~219~0~AREF~start~~~#8D2323^^0~618~220^^0~M 615 217 L 612 220 L 615 223#@$P~show~0~A5~395~390~180~gge1960~0^^395~390^^M 395 390 h 20~#8D2323^^1~418~393~0~A5SCL~start~~~#8D2323^^0~409~389~0~A5~end~~~#8D2323^^0~412~390^^0~M 415 393 L 418 390 L 415 387#@$P~show~0~A4~395~380~180~gge1967~0^^395~380^^M 395 380 h 20~#8D2323^^1~418~383~0~A4SDA~start~~~#8D2323^^0~409~379~0~A4~end~~~#8D2323^^0~412~380^^0~M 415 383 L 418 380 L 415 377#@$P~show~0~A3~395~370~180~gge1974~0^^395~370^^M 395 370 h 20~#8D2323^^1~418~373~0~A3~start~~~#8D2323^^0~409~369~0~A3~end~~~#8D2323^^0~412~370^^0~M 415 373 L 418 370 L 415 367#@$P~show~0~A2~395~360~180~gge1981~0^^395~360^^M 395 360 h 20~#8D2323^^1~418~363~0~A2~start~~~#8D2323^^0~409~359~0~A2~end~~~#8D2323^^0~412~360^^0~M 415 363 L 418 360 L 415 357#@$P~show~0~A1~395~350~180~gge1988~0^^395~350^^M 395 350 h 20~#8D2323^^1~418~353~0~A1~start~~~#8D2323^^0~409~349~0~A1~end~~~#8D2323^^0~412~350^^0~M 415 353 L 418 350 L 415 347#@$P~show~0~A0~395~340~180~gge1995~0^^395~340^^M 395 340 h 20~#8D2323^^1~418~343~0~A0~start~~~#8D2323^^0~409~339~0~A0~end~~~#8D2323^^0~412~340^^0~M 415 343 L 418 340 L 415 337#@$P~show~4~VIN~395~320~180~gge2002~0^^395~320^^M 395 320 h 20~#8D2323^^1~418~323~0~VIN~start~~~#8D2323^^0~409~319~0~VIN~end~~~#8D2323^^0~412~320^^0~M 415 323 L 418 320 L 415 317#@$P~show~4~GND1~395~310~180~gge2009~0^^395~310^^M 395 310 h 20~#8D2323^^1~418~313~0~GND1~start~~~#8D2323^^0~409~309~0~GND1~end~~~#8D2323^^0~412~310^^0~M 415 313 L 418 310 L 415 307#@$P~show~4~GND2~395~300~180~gge2016~0^^395~300^^M 395 300 h 20~#8D2323^^1~418~303~0~GND2~start~~~#8D2323^^0~409~299~0~GND2~end~~~#8D2323^^0~412~300^^0~M 415 303 L 418 300 L 415 297#@$P~show~4~5V~395~290~180~gge2023~0^^395~290^^M 395 290 h 20~#8D2323^^1~418~293~0~5V~start~~~#8D2323^^0~409~289~0~5V~end~~~#8D2323^^0~412~290^^0~M 415 293 L 418 290 L 415 287#@$P~show~4~3V~395~280~180~gge2030~0^^395~280^^M 395 280 h 20~#8D2323^^1~418~283~0~3V~start~~~#8D2323^^0~409~279~0~3V~end~~~#8D2323^^0~412~280^^0~M 415 283 L 418 280 L 415 277#@$P~show~0~RESET~395~270~180~gge2037~0^^395~270^^M 395 270 h 20~#8D2323^^1~418~273~0~RESET~start~~~#8D2323^^0~409~269~0~RESET~end~~~#8D2323^^0~412~270^^0~M 415 273 L 418 270 L 415 267#@$P~show~2~IOREF~395~260~180~gge2044~0^^395~260^^M 395 260 h 20~#8D2323^^1~418~263~0~IOREF~start~~~#8D2323^^0~409~259~0~IOREF~end~~~#8D2323^^0~412~260^^0~M 415 263 L 418 260 L 415 257#@$P~show~0~RESERVED~395~250~180~gge2051~0^^395~250^^M 395 250 h 20~#8D2323^^1~418~253~0~RESERVED~start~~~#8D2323^^0~409~249~0~RESERVED~end~~~#8D2323^^0~412~250^^0~M 415 253 L 418 250 L 415 247#@$P~show~0~SCL~635~200~0~gge2058~0^^635~200^^M 635 200 h -20~#8D2323^^1~612~203~0~SCL~end~~~#8D2323^^0~621~199~0~SCL~start~~~#8D2323^^0~618~200^^0~M 615 197 L 612 200 L 615 203#@$P~show~0~SDA~635~210~0~gge2065~0^^635~210^^M 635 210 h -20~#8D2323^^1~612~213~0~SDA~end~~~#8D2323^^0~621~209~0~SDA~start~~~#8D2323^^0~618~210^^0~M 615 207 L 612 210 L 615 213","W~190 315 190 325~#008800~1~0~none~gge2350~0","W~225 315 225 325~#008800~1~0~none~gge2352~0","F~part_netLabel_GNd~135~325~0~gge2355~~0^^135~325^^GND~#0000FF~136~333~0~start~0~Times New Roman~9pt^^PL~135 335 135 325~#000000~1~0~none~gge2358~0^^PL~135 335 145 335 135 341 125 335 135 335~#000000~1~0~none~gge2359~0","F~part_netLabel_VCC~245~400~0~gge2366~~0^^245~400^^VCC~#000000~233~388~0~start~1~Times New Roman~9pt^^PL~245 390 245 400~#000000~1~0~none~gge2369~0^^PL~240 390 250 390~#000000~1~0~none~gge2370~0","W~710 200 650 200 650 290 635 290~#008800~1~0~none~gge2377~0","F~part_netLabel_GNd~710~310~0~gge2379~~0^^710~310^^GND~#0000FF~711~318~0~start~0~Times New Roman~9pt^^PL~710 320 710 310~#000000~1~0~none~gge2382~0^^PL~710 320 720 320 710 326 700 320 710 320~#000000~1~0~none~gge2383~0","LIB~195~400~package`AXIAL-0.3`nameAlias`Value(\u03a9)`BOM_Manufacturer Part`-`spicePre`R`spiceSymbolName`Res_AXIAL-0.3(1\/8W)_US`BOM_Supplier`LCSC`BOM_Manufacturer`Chian Chia Elec`BOM_Supplier Part`C119418`~~0~gge2398~0437d6ea43a344008eabc8b31fcec72b~2191314250ed43a796b57d45825575c3~0~943b02fd8e0e06c4#@$T~N~189.03125~392~0~#000080~Arial~~~~~comment~1k~1~start~gge2400~0#@$T~P~189.0390625~383~0~#000080~Arial~~~~~comment~R3~1~start~gge2402~0#@$PL~210 400 207 405~#A00000~1~0~none~gge2404~0#@$PL~202 395 197 405~#A00000~1~0~none~gge2405~0#@$PL~207 405 202 395~#A00000~1~0~none~gge2406~0#@$P~show~0~2~215~400~0~gge2407~0^^215~400^^M 215 400 h -5~#800^^0~206~400~0~2~end~~~#800^^0~214~396~0~2~start~~~#800^^0~213~400^^0~M 210 397 L 207 400 L 210 403#@$PL~188 405 183 395~#A00000~1~0~none~gge2414~0#@$PL~197 405 193 395~#A00000~1~0~none~gge2415~0#@$PL~193 395 188 405~#A00000~1~0~none~gge2416~0#@$PL~183 395 180 400~#A00000~1~0~none~gge2417~0#@$P~show~0~1~175~400~180~gge2418~0^^175~400^^M 175 400 h 5~#800^^0~184~400~0~1~start~~~#800^^0~176~396~0~1~end~~~#800^^0~177~400^^0~M 180 403 L 183 400 L 180 397","W~410 290 265 290 265 400 210 400~#008800~1~0~none~gge2427~0","W~175 400 75 400 75 295~#008800~1~0~none~gge2428~0","LIB~160~365~package`CAP-D3.0XF1.5`nameAlias`Value(F)`BOM_Manufacturer Part`1uf 450V`spicePre`C`spiceSymbolName`Cap_Electrolytic(TH)_D3.0XF1.5_US`BOM_Supplier`LCSC`BOM_Manufacturer`ValuePro`BOM_Supplier Part`C43280`~~0~gge2457~3be70c39fc17710bbd9ec7d4eec60772~73cf4db60ff344f8a415b734dfaec7a1~0~2770c67dce19b35b#@$T~N~172~353~0~#000080~Arial~~~~~comment~10u~1~start~gge2459~0#@$T~P~172~362~0~#000080~Arial~~~~~comment~C3~1~start~gge2461~0#@$P~show~0~1~160~385~90~gge2463~0^^160~385^^M 160 385 v -17~#8D2323^^0~163~365~270~1~start~~~#8D2323^^0~159~374~270~1~end~~~#8D2323^^0~160~365^^0~M 157 368 L 160 371 L 163 368#@$P~show~0~2~160~345~270~gge2470~0^^160~345^^M 160 345 v 19~#8D2323^^0~163~367~270~2~end~~~#8D2323^^0~159~358~270~2~start~~~#8D2323^^0~160~367^^0~M 163 364 L 160 361 L 157 364#@$PL~150 368 170 368~#8D2323~1~0~none~gge2477~0#@$A~M 160 364 A 16.0836 16.0836 0 0 0 170 361~~#8D2323~1~0~none~gge2478~0#@$A~M 150 361 A 16.2917 16.2917 0 0 0 160 364~~#8D2323~1~0~none~gge2479~0#@$R~150~370.9~~~4~0.1~#8D2323~1~0~#8D2323~gge2480~0#@$R~152~369~~~0.1~4~#8D2323~1~0~#8D2323~gge2481~0","W~160 345 160 325~#008800~1~0~none~gge2512~0","W~160 385 160 400~#008800~1~0~none~gge2514~0","N~790~290~0~#0000ff~U1_VIN~gge2529~start~792~287.5~Times New Roman~7pt~0","LIB~660~350~package`AXIAL-0.3`nameAlias`Value(\u03a9)`BOM_Manufacturer Part`MFR0W4F1800A50`spicePre`R`spiceSymbolName`Res_AXIAL-0.3(1\/8W)_US`BOM_Supplier`LCSC`BOM_Manufacturer`UniOhm`BOM_Supplier Part`C58665`~~0~gge2535~0437d6ea43a344008eabc8b31fcec72b~2191314250ed43a796b57d45825575c3~0~0a63c0ec21ec2a5f#@$T~N~660~374.53125~0~#000080~Arial~~~~~comment~180~1~start~gge2537~0#@$T~P~660.0078125~364.53125~0~#000080~Arial~~~~~comment~R4~1~start~gge2539~0#@$PL~675 350 672 355~#A00000~1~0~none~gge2541~0#@$PL~667 345 662 355~#A00000~1~0~none~gge2542~0#@$PL~672 355 667 345~#A00000~1~0~none~gge2543~0#@$P~show~0~2~680~350~0~gge2544~0^^680~350^^M 680 350 h -5~#800^^0~671~350~0~2~end~~~#800^^0~679~346~0~2~start~~~#800^^0~678~350^^0~M 675 347 L 672 350 L 675 353#@$PL~653 355 648 345~#A00000~1~0~none~gge2551~0#@$PL~662 355 658 345~#A00000~1~0~none~gge2552~0#@$PL~658 345 653 355~#A00000~1~0~none~gge2553~0#@$PL~648 345 645 350~#A00000~1~0~none~gge2554~0#@$P~show~0~1~640~350~180~gge2555~0^^640~350^^M 640 350 h 5~#800^^0~649~350~0~1~start~~~#800^^0~641~346~0~1~end~~~#800^^0~642~350^^0~M 645 353 L 648 350 L 645 347","LIB~665~330~package`AXIAL-0.3`nameAlias`Value(\u03a9)`BOM_Manufacturer Part`MFR0W4F1800A50`spicePre`R`spiceSymbolName`Res_AXIAL-0.3(1\/8W)_US`BOM_Supplier`LCSC`BOM_Manufacturer`UniOhm`BOM_Supplier Part`C58665`~~0~gge2563~0437d6ea43a344008eabc8b31fcec72b~2191314250ed43a796b57d45825575c3~0~5dc0764ef6a57b4b#@$T~N~659.03125~322~0~#000080~Arial~~~~~comment~180~1~start~gge2565~0#@$T~P~659.0390625~313~0~#000080~Arial~~~~~comment~R5~1~start~gge2567~0#@$PL~680 330 677 335~#A00000~1~0~none~gge2569~0#@$PL~672 325 667 335~#A00000~1~0~none~gge2570~0#@$PL~677 335 672 325~#A00000~1~0~none~gge2571~0#@$P~show~0~2~685~330~0~gge2572~0^^685~330^^M 685 330 h -5~#800^^0~676~330~0~2~end~~~#800^^0~684~326~0~2~start~~~#800^^0~683~330^^0~M 680 327 L 677 330 L 680 333#@$PL~658 335 653 325~#A00000~1~0~none~gge2579~0#@$PL~667 335 663 325~#A00000~1~0~none~gge2580~0#@$PL~663 325 658 335~#A00000~1~0~none~gge2581~0#@$PL~653 325 650 330~#A00000~1~0~none~gge2582~0#@$P~show~0~1~645~330~180~gge2583~0^^645~330^^M 645 330 h 5~#800^^0~654~330~0~1~start~~~#800^^0~646~326~0~1~end~~~#800^^0~647~330^^0~M 650 333 L 653 330 L 650 327","W~645 330 635 330~#008800~1~0~none~gge2618~0","LIB~740~350~package`LED-3MM\/2.54`BOM_Supplier Part`C99772`BOM_Supplier`LCSC`BOM_Manufacturer`EVERLIGHT`BOM_Manufacturer Part`204-10SURD\/S530-A3`spicePre`L`~270~0~gge2624~105f8e3f07073df88eeac4f60e65157a~e08526e65b5e407b8e637a308d00f78f~0~0419a0934ff738d1#@$T~N~763~362.28125~0~#000080~Arial~~~~~comment~RED~1~start~gge2626~0#@$T~P~763~353.2578125~0~#000080~Arial~~~~~comment~LED1~1~start~gge2628~0#@$PL~750 355 757 362~#880000~1~0~none~gge2630~0#@$PL~754 351 761 358~#880000~1~0~none~gge2631~0#@$PG~757 362 755 358 753 360~#880000~1~0~none~gge2632~0#@$PG~761 358 759 354 757 356~#880000~1~0~none~gge2633~0#@$P~show~0~1~740~330~90~gge2634~0^^740~330^^M 740 330 v 15~#880000^^0~743~348~270~+~end~~~#0000FF^^0~739~339~270~1~start~~~#0000FF^^0~740~342^^0~M 737 345 L 740 348 L 743 345#@$P~show~0~2~740~370~270~gge2641~0^^740~370^^M 740 370 v -15~#880000^^0~743~352~270~-~start~~~#0000FF^^0~739~361~270~2~end~~~#0000FF^^0~740~358^^0~M 743 355 L 740 352 L 737 355#@$PT~M 734 345 L 740 355 L 747 345 Z ~#880000~1~0~none~gge2648~0#@$PL~733 355 747 355~#880000~1~0~none~gge2649~0","LIB~695~370~package`LED-3MM\/2.54`BOM_Supplier Part`C99772`BOM_Supplier`LCSC`BOM_Manufacturer`EVERLIGHT`BOM_Manufacturer Part`204-10SURD\/S530-A3`spicePre`L`~270~0~gge2651~105f8e3f07073df88eeac4f60e65157a~e08526e65b5e407b8e637a308d00f78f~0~0e7555a05b092ea8#@$T~N~718~382.28125~0~#000080~Arial~~~~~comment~GREEN~1~start~gge2653~0#@$T~P~718~373.2578125~0~#000080~Arial~~~~~comment~LED2~1~start~gge2655~0#@$PL~705 375 712 382~#880000~1~0~none~gge2657~0#@$PL~709 371 716 378~#880000~1~0~none~gge2658~0#@$PG~712 382 710 378 708 380~#880000~1~0~none~gge2659~0#@$PG~716 378 714 374 712 376~#880000~1~0~none~gge2660~0#@$P~show~0~1~695~350~90~gge2661~0^^695~350^^M 695 350 v 15~#880000^^0~698~368~270~+~end~~~#0000FF^^0~694~359~270~1~start~~~#0000FF^^0~695~362^^0~M 692 365 L 695 368 L 698 365#@$P~show~0~2~695~390~270~gge2668~0^^695~390^^M 695 390 v -15~#880000^^0~698~372~270~-~start~~~#0000FF^^0~694~381~270~2~end~~~#0000FF^^0~695~378^^0~M 698 375 L 695 372 L 692 375#@$PT~M 689 365 L 695 375 L 702 365 Z ~#880000~1~0~none~gge2675~0#@$PL~688 375 702 375~#880000~1~0~none~gge2676~0","W~685 330 740 330~#008800~1~0~none~gge2706~0","F~part_netLabel_GNd~740~395~0~gge2707~~0^^740~395^^GND~#0000FF~741~403~0~start~0~Times New Roman~9pt^^PL~740 405 740 395~#000000~1~0~none~gge2710~0^^PL~740 405 750 405 740 411 730 405 740 405~#000000~1~0~none~gge2711~0","F~part_netLabel_GNd~695~395~0~gge2712~~0^^695~395^^GND~#0000FF~696~403~0~start~0~Times New Roman~9pt^^PL~695 405 695 395~#000000~1~0~none~gge2715~0^^PL~695 405 705 405 695 411 685 405 695 405~#000000~1~0~none~gge2716~0","W~740 370 740 395~#008800~1~0~none~gge2722~0","LIB~730~200~package`AXIAL-0.3`nameAlias`Value(\u03a9)`BOM_Manufacturer Part`-`spicePre`R`spiceSymbolName`Res_AXIAL-0.3(1\/8W)_US`BOM_Supplier`LCSC`BOM_Manufacturer`Chian Chia Elec`BOM_Supplier Part`C119418`~~0~gge2725~0437d6ea43a344008eabc8b31fcec72b~2191314250ed43a796b57d45825575c3~0~0276a2de0f63709d#@$T~N~724.03125~191.984375~0~#000080~Arial~~~~~comment~1k~1~start~gge2727~0#@$T~P~724.0390625~182.96875~0~#000080~Arial~~~~~comment~R6~1~start~gge2729~0#@$PL~745 200 742 205~#A00000~1~0~none~gge2731~0#@$PL~737 195 732 205~#A00000~1~0~none~gge2732~0#@$PL~742 205 737 195~#A00000~1~0~none~gge2733~0#@$P~show~0~2~750~200~0~gge2734~0^^750~200^^M 750 200 h -5~#800^^0~741~200~0~2~end~~~#800^^0~749~196~0~2~start~~~#800^^0~748~200^^0~M 745 197 L 742 200 L 745 203#@$PL~723 205 718 195~#A00000~1~0~none~gge2741~0#@$PL~732 205 728 195~#A00000~1~0~none~gge2742~0#@$PL~728 195 723 205~#A00000~1~0~none~gge2743~0#@$PL~718 195 715 200~#A00000~1~0~none~gge2744~0#@$P~show~0~1~710~200~180~gge2745~0^^710~200^^M 710 200 h 5~#800^^0~719~200~0~1~start~~~#800^^0~711~196~0~1~end~~~#800^^0~712~200^^0~M 715 203 L 718 200 L 715 197","LIB~770~200~package`LED-3MM\/2.54`BOM_Supplier Part`C99772`BOM_Supplier`LCSC`BOM_Manufacturer`EVERLIGHT`BOM_Manufacturer Part`204-10SURD\/S530-A3`spicePre`L`~~0~gge2783~105f8e3f07073df88eeac4f60e65157a~e08526e65b5e407b8e637a308d00f78f~0~91bbac9efecdc4b4#@$T~N~758.328125~176~0~#000080~Arial~~~~~comment~WHITE~1~start~gge2785~0#@$T~P~758.328125~166.96875~0~#000080~Arial~~~~~comment~LED3~1~start~gge2787~0#@$PL~775 190 782 183~#880000~1~0~none~gge2789~0#@$PL~771 186 778 179~#880000~1~0~none~gge2790~0#@$PG~782 183 778 185 780 187~#880000~1~0~none~gge2791~0#@$PG~778 179 774 181 776 183~#880000~1~0~none~gge2792~0#@$P~show~0~1~750~200~180~gge2793~0^^750~200^^M 750 200 h 15~#880000^^0~768~203~0~+~start~~~#0000FF^^0~759~199~0~1~end~~~#0000FF^^0~762~200^^0~M 765 203 L 768 200 L 765 197#@$P~show~0~2~790~200~0~gge2800~0^^790~200^^M 790 200 h -15~#880000^^0~772~203~0~-~end~~~#0000FF^^0~781~199~0~2~start~~~#0000FF^^0~778~200^^0~M 775 197 L 772 200 L 775 203#@$PT~M 765 206 L 775 200 L 765 193 Z ~#880000~1~0~none~gge2807~0#@$PL~775 207 775 193~#880000~1~0~none~gge2808~0","F~part_netLabel_GNd~790~200~0~gge2836~~0^^790~200^^GND~#0000FF~791~208~0~start~0~Times New Roman~9pt^^PL~790 210 790 200~#000000~1~0~none~gge2839~0^^PL~790 210 800 210 790 216 780 210 790 210~#000000~1~0~none~gge2840~0","W~695 350 680 350~#008800~1~0~none~gge2846~0","W~695 390 695 395~#008800~1~0~none~gge2847~0","F~part_netLabel_GNd~335~315~0~gge2851~~0^^335~315^^GND~#0000FF~336~323~0~start~0~Times New Roman~9pt^^PL~335 325 335 315~#000000~1~0~none~gge2854~0^^PL~335 325 345 325 335 331 325 325 335 325~#000000~1~0~none~gge2855~0","W~335 315 335 310 395 310~#008800~1~0~none~gge2861~0","W~635 350 640 350~#008800~1~0~none~gge2862~0","N~360~315~0~#0000ff~GND~gge2865~start~362~312.5~Times New Roman~7pt~0","N~625~235~0~#0000ff~GND~gge2869~start~627~232.5~Times New Roman~7pt~0","J~650~290~2.5~#CC0000~gge2782~0","J~160~400~2.5~#CC0000~gge2515~0","J~225~325~2.5~#CC0000~gge2353~0","J~225~275~2.5~#CC0000~gge740~0","J~190~275~2.5~#CC0000~gge735~0","J~75~285~2.5~#CC0000~gge2349~0","J~190~325~2.5~#CC0000~gge2351~0","J~135~325~2.5~#CC0000~gge2360~0","J~215~400~2.5~#CC0000~gge2510~0","J~160~325~2.5~#CC0000~gge2513~0","J~245~400~2.5~#CC0000~gge2517~0","J~395~290~2.5~#CC0000~gge2863~0"],"BBox":{"x":0,"y":-0.5,"width":1149,"height":807},"colors":[]}}],"docType":5,"title":"Ultrasonic Bark Detterent","name":"Ultrasonic Bark Detterent"}